id,name,model_id:id,group_id:id,perm_read,perm_write,perm_create,perm_unlink

access_geo_etablissement_admin,access.geo.etablissement.admin,model_geo_etablissement,base.group_system,1,1,1,1
access_geo_etablissement_portal,access.geo.etablissement.portal,model_geo_etablissement,base.group_portal,1,0,0,0
access_geo_etablissement_public,access.geo.etablissement.public,model_geo_etablissement,base.group_public,1,0,0,0

access_geo_type_etablissement_admin,access.geo.type.etablissement.admin,model_geo_type_etablissement,base.group_system,1,1,1,1
access_geo_type_etablissement_portal,access.geo.type.etablissement.portal,model_geo_type_etablissement,base.group_portal,1,0,0,0
access_geo_type_etablissement_public,access.geo.type.etablissement.public,model_geo_type_etablissement,base.group_public,1,0,0,0

access_geo_categorie_admin,access.geo.categorie.admin,model_geo_categorie,base.group_system,1,1,1,1
access_geo_categorie_portal,access.geo.categorie.portal,model_geo_categorie,base.group_portal,1,0,0,0
access_geo_categorie_public,access.geo.categorie.public,model_geo_categorie,base.group_public,1,0,0,0

access_geo_utilisateur_admin,access.geo.utilisateur.admin,model_geo_utilisateur,base.group_system,1,1,1,1
access_geo_utilisateur_portal,access.geo.utilisateur.portal,model_geo_utilisateur,base.group_portal,1,1,1,0

access_geo_recherche_admin,access.geo.recherche.admin,model_geo_recherche,base.group_system,1,1,1,1
access_geo_recherche_portal,access.geo.recherche.portal,model_geo_recherche,base.group_portal,1,1,1,0

access_geo_dashboard_admin,access.geo.dashboard.admin,model_geo_dashboard,base.group_system,1,1,1,1